{
  "experiment": "order_12",
  "val_loss": 1.0456690198401895,
  "val_bpb": 0.6193057323893375,
  "eval_time_s": 1443.418067932129,
  "config": {
    "use_ngram": true,
    "ngram_max_order": 12,
    "ngram_backoff": true,
    "entropy_adaptive": true,
    "collect_diagnostics": true
  },
  "diagnostics": {
    "per_order_hits": {
      "2": 189735,
      "3": 750059,
      "4": 671425,
      "5": 457875,
      "6": 370644,
      "7": 376898,
      "8": 469616,
      "9": 689106,
      "10": 1228653,
      "11": 3185149,
      "12": 53631438
    },
    "total_scored": 62023616,
    "ngram_matched": 62020598,
    "p_ngram_buckets": {
      "0.0-0.2": {
        "count": 4388053,
        "nll_sum": 9582288.854902333
      },
      "0.2-0.5": {
        "count": 5803741,
        "nll_sum": 7248849.237649431
      },
      "0.5-0.8": {
        "count": 14963032,
        "nll_sum": 15690310.767355649
      },
      "0.8-0.95": {
        "count": 6515013,
        "nll_sum": 6009430.525013136
      },
      "0.95-1.0": {
        "count": 30350759,
        "nll_sum": 26319188.542377822
      }
    }
  }
}