{
  "experiment": "order_15",
  "val_loss": 1.0424818631838888,
  "val_bpb": 0.6174181136975535,
  "eval_time_s": 1761.2767052650452,
  "config": {
    "use_ngram": true,
    "ngram_max_order": 15,
    "ngram_backoff": true,
    "entropy_adaptive": true,
    "collect_diagnostics": true
  },
  "diagnostics": {
    "per_order_hits": {
      "2": 175937,
      "3": 640708,
      "4": 531631,
      "5": 330226,
      "6": 233956,
      "7": 202230,
      "8": 210600,
      "9": 248276,
      "10": 319101,
      "11": 438909,
      "12": 672303,
      "13": 1215035,
      "14": 3168549,
      "15": 53633148
    },
    "total_scored": 62023616,
    "ngram_matched": 62020609,
    "p_ngram_buckets": {
      "0.0-0.2": {
        "count": 4323011,
        "nll_sum": 9267229.076772723
      },
      "0.2-0.5": {
        "count": 5648514,
        "nll_sum": 7023570.253428701
      },
      "0.5-0.8": {
        "count": 15072306,
        "nll_sum": 15825431.642814156
      },
      "0.8-0.95": {
        "count": 6565729,
        "nll_sum": 6079167.47799667
      },
      "0.95-1.0": {
        "count": 30411049,
        "nll_sum": 26457012.376079053
      }
    }
  }
}