{
  "experiment": "order_20",
  "val_loss": 1.040466602782271,
  "val_bpb": 0.6162245598145382,
  "eval_time_s": 2206.274698495865,
  "config": {
    "use_ngram": true,
    "ngram_max_order": 20,
    "ngram_backoff": true,
    "entropy_adaptive": true,
    "collect_diagnostics": true
  },
  "diagnostics": {
    "per_order_hits": {
      "2": 161357,
      "3": 536197,
      "4": 408567,
      "5": 232021,
      "6": 146632,
      "7": 109695,
      "8": 99410,
      "9": 102447,
      "10": 113124,
      "11": 128851,
      "12": 152591,
      "13": 186499,
      "14": 233501,
      "15": 309201,
      "16": 432712,
      "17": 667455,
      "18": 1208508,
      "19": 3157564,
      "20": 53634279
    },
    "total_scored": 62023616,
    "ngram_matched": 62020611,
    "p_ngram_buckets": {
      "0.0-0.2": {
        "count": 4304384,
        "nll_sum": 9060272.137161091
      },
      "0.2-0.5": {
        "count": 5541849,
        "nll_sum": 6891876.710767227
      },
      "0.5-0.8": {
        "count": 15152975,
        "nll_sum": 15927666.334692696
      },
      "0.8-0.95": {
        "count": 6594698,
        "nll_sum": 6123593.947079715
      },
      "0.95-1.0": {
        "count": 30426705,
        "nll_sum": 26524013.596747424
      }
    }
  }
}